TXN_ID,PresentInRTSP,RTSP_STATUS,TRAN_STATUS,STATUS_CONDITION
IDFqD8iVAfR0zf3mLUZ8VfFQ9oEQ3fOfgXT,No,N/A,c,MISSING_IN_RTSP
IDFmV7A2wjjNKlekzYBIyZxq1QZi4BNhXHk,No,N/A,c,MISSING_IN_RTSP
IDFB5LNAs3vJ4xSgTaYfuQrIGziqmI1PhZe,No,N/A,c,MISSING_IN_RTSP
AXI0kDaQhAFiRBd4nYIiG9h5cwkAOaPFXDt,No,N/A,c,MISSING_IN_RTSP
AXIE2KN1wZJsAfdv815a5x67BoOkianz4cQ,No,N/A,c,MISSING_IN_RTSP
IDFr902pu8Kcs4jS4bYna7cgtJK15jLlyfh,No,N/A,c,MISSING_IN_RTSP
IDFai1amo9wSRw9f2DYTa95T1ckibtoLduf,No,N/A,c,MISSING_IN_RTSP
IDFs3NgkIp77o6qGLGwShpptRI9rZ2nEJJW,No,N/A,c,MISSING_IN_RTSP
IDFai1amo9wSRw9f2DYTa95T1ckibtoLduf,No,N/A,c,MISSING_IN_RTSP
IDF69b2a158e4fd4876ae4efff9f5c08504,Yes,success,c,MATCH_SUCCESS
